"path","bytes","sha256","dataset","role","intentional_defect","lineage"
"AGENTS.md",6009,"d2dc21b68c32d6788aee1dc42d95427de7e4f4b2c1682890fb2a4543387d1035","","doc","",""
"audiomoth/audiomoth.qmd",14979,"7ea778e87132df8e1c5eb578e7cd61ae68a4f02be8c9d4e23332bfd5a4411b46","audiomoth","vignette","","EXPANDED"
"audiomoth/monitoraSom.proj",105,"98fce1a601525eaa1db340dea83aa32c587d749847ddf50785e1cca4b64a6407","audiomoth","audio","","EXPANDED"
"audiomoth/rois.duckdb",1060864,"96cae6d8084892cbd9453bb733c6dd8587e405c10d0bbc06819a5fe77633afd4","audiomoth","rois","","EXPANDED"
"audiomoth/soundscapes/CONFIG.TXT",1039,"2d3de2ad87b84f024178fed9e34731cc136fc421cb0c5843127fb49d1ac5de0e","audiomoth","sidecar","","EXPANDED"
"audiomoth/soundscapes/W04870903S2027082_20231215_073004.WAV",44,"531cd597b25052b4845ef2f3887dec2183240802a93b6e044960de8ba017caa0","audiomoth","audio","truncated_44_byte_header","EXPANDED"
"audiomoth/soundscapes/W04870903S2027082_20231215_074000.WAV",5760488,"bfc7ae146d422012082553d2f258fd555596d78b7cf578b52f9be2cb4d7a50f3","audiomoth","audio","","EXPANDED"
"audiomoth/soundscapes/W04870903S2027082_20231215_075000.WAV",5760488,"b6c8fbeb42bf4dd6c17ca12046a5e88ebe4c7ac5f8b43ffbf08a3762074de2a8","audiomoth","audio","","EXPANDED"
"audiomoth/soundscapes/W04870903S2027082_20231215_080000.WAV",5760488,"208ee6ddca3f877575eb76eb606a63f037927cf77d62ca9618c8789bfdb14d50","audiomoth","audio","","EXPANDED"
"audiomoth/soundscapes/W04870903S2027082_20231215_081000.WAV",5760488,"97983a847465958cf7954fa41ae33df93ae15dc02a7c9575209d8a48bf5dd21d","audiomoth","audio","","EXPANDED"
"audiomoth/soundscapes/W04870903S2027082_20231215_082000.WAV",5760488,"3c808293de85c41587eb6ff5ee4aebfc984652b6981aea5e6019ec73f2613309","audiomoth","audio","","EXPANDED"
"audiomoth/soundscapes/W04870903S2027082_20231215_083000.WAV",5760488,"b9787e3bc962a1c18d88acd980d86e800136c33dc1d3a872c433362f99efde75","audiomoth","audio","","EXPANDED"
"audiomoth/soundscapes/W04870903S2027082_20231215_084000.WAV",5760488,"5737b67d86c5fbd609044e647bc310ab9824236ee1d1412b95e4b5469c14ae0c","audiomoth","audio","","EXPANDED"
"audiomoth/soundscapes/W04870903S2027082_20231215_085000.WAV",5760488,"8e74d6963dc57e568f28c35dcbb9b3be8fe79bb76001cc115a746c0375ca78c7","audiomoth","audio","","EXPANDED"
"audiomoth/soundscapes/W04870903S2027082_20231215_090000.WAV",5760488,"fa5f7a4bc687813ccabe551f4cdb0a381cebeb0af6a35cc0b71f1c2e78a43ecb","audiomoth","audio","","EXPANDED"
"audiomoth/soundscapes/W04870903S2027082_20231215_091000.WAV",5760488,"6e2083da137814167bef9c41c26d0a0c2e397c7cd6966ea54469a226dacfe598","audiomoth","audio","","EXPANDED"
"audiomoth/soundscapes/W04870903S2027082_20231215_092000.WAV",5760488,"1f1956de7f1163baa4cb139176c5f639c4cc6d5838f6be09766cca82ba10521c","audiomoth","audio","","EXPANDED"
"audiomoth/soundscapes/W04870903S2027082_20231215_093000.WAV",5760488,"44e6897a5c0616a921bdf395fd7e6de2f4f1157f8df04c52625999747006ef26","audiomoth","audio","","EXPANDED"
"audiomoth/soundscapes/W04870903S2027082_20231215_094000.WAV",5760488,"1ba960c38d65fcc1500fc2ae7d0b3116bea93d7f06b55e1eb242dd164f349b91","audiomoth","audio","","EXPANDED"
"audiomoth/soundscapes/W04870903S2027082_20231215_095000.WAV",5760488,"b560b7db4bde516c4cf13afa11134dd1c90877b36748deaef842488ae7dd1d99","audiomoth","audio","","EXPANDED"
"audiomoth/soundscapes/W04870903S2027082_20231215_100000.WAV",5760488,"8802d4fc67e97b6eea069def83924c692d8230a391a8780e40ea2a4bc5ce5445","audiomoth","audio","","EXPANDED"
"basileuterus-culicivorus/basileuterus-culicivorus.qmd",18903,"76c28e4dc2208b657b51c559ddc13c794bcf9df25322831838d028325e037587","basileuterus-culicivorus","vignette","","ORIGINAL"
"basileuterus-culicivorus/basileuterus-culicivorus.R",20356,"932466245ad2964087148ba34fd4070e35a0635a8560400a59278960a7e355ca","basileuterus-culicivorus","vignette","","ORIGINAL"
"basileuterus-culicivorus/basileuterus-culicivorus.Rmd",18909,"614e109b241fe64ce8a9fa7ab41fe2e6fc861824cf98cd5c142908ed5ea64119","basileuterus-culicivorus","vignette","","ORIGINAL"
"basileuterus-culicivorus/monitoraSom.proj",105,"98fce1a601525eaa1db340dea83aa32c587d749847ddf50785e1cca4b64a6407","basileuterus-culicivorus","audio","","ORIGINAL"
"basileuterus-culicivorus/recordings/Bcu_1.wav",2358512,"dfe1ece0637ffa23dcba5fbe05474e78b10601fdaa610e67fea4a23a076c86f0","basileuterus-culicivorus","audio","","ORIGINAL"
"basileuterus-culicivorus/recordings/Bcu_2.wav",1385518,"4083a7174dca7e4412c1df8fff07c3063d2614a443f1bd0b546d4be35960bf58","basileuterus-culicivorus","audio","","ORIGINAL"
"basileuterus-culicivorus/rois.duckdb",2109440,"d124a1baf47530483f282b1e2d62ebcfa46892d9dc16f17a85d06fd334fb0c39","basileuterus-culicivorus","rois","","ORIGINAL"
"basileuterus-culicivorus/soundscapes/W54393S25597_20201104_170000.wav",2879818,"06c91806749b81ff1290267dc182b52c92f6a9f1e73e33de97901006d7af254a","basileuterus-culicivorus","audio","","ORIGINAL"
"basileuterus-culicivorus/soundscapes/W54431S25613_20191102_055000.wav",2879818,"75b25323ec397bed0e5a1f8d7f92d916c31caaf6324395810d1bce6762d00531","basileuterus-culicivorus","audio","","ORIGINAL"
"basileuterus-culicivorus/soundscapes/W54431S25613_20191102_064000.wav",2879818,"b99810147129cf0aae85505cd0993120ff49769e4d8ba68489b1462242295b70","basileuterus-culicivorus","audio","","ORIGINAL"
"basileuterus-culicivorus/soundscapes/W54431S25613_20191104_154000.wav",2879818,"dfd2a1acc888ffe95af055de0f7a46656ed1e70c02c419fe2ac582e9027d1b47","basileuterus-culicivorus","audio","","ORIGINAL"
"basileuterus-culicivorus/soundscapes/W54431S25613_20191105_060000.wav",2879818,"cd0947af7cbfe2533322c97fe6978249bc064cdceeeffaf88bc87c9180e071a8","basileuterus-culicivorus","audio","","ORIGINAL"
"basileuterus-culicivorus/soundscapes/W54443S25620_20191105_054000.wav",2879818,"7462c2bc5b237b36fe121c834f227dc5c3167b1499cf7d62fda780c9b4ce8a4a","basileuterus-culicivorus","audio","","ORIGINAL"
"basileuterus-culicivorus/soundscapes/W54448S25622_20191101_073000.wav",2879818,"3fe4ab972f6f0a396c85f1f4731193c643f063872e3288a73b8139d0f2ee3519","basileuterus-culicivorus","audio","","ORIGINAL"
"basileuterus-culicivorus/soundscapes/W54448S25622_20191101_125000.wav",2879818,"01f330078c3b2ff6ecf2e9ec68d44697568a87d4e41e4ce674a8ba18540eed30","basileuterus-culicivorus","audio","","ORIGINAL"
"basileuterus-culicivorus/soundscapes/W54448S25622_20191102_070000.wav",2879818,"6331f4daa313681a573a8fa118c2bbec94f613fe3dece2bb58d4119e87bc5c9e","basileuterus-culicivorus","audio","","ORIGINAL"
"basileuterus-culicivorus/soundscapes/W54448S25622_20191103_055000.wav",2879818,"94626a304a4844d9d08ec632ac87df5609d55c90a150f73ec6f2b481c87862c4","basileuterus-culicivorus","audio","","ORIGINAL"
"basileuterus-culicivorus/soundscapes/W54448S25622_20191104_171000.wav",2879818,"8bae2fbdcf921be81c3b191a7a59a92e40dd4a2883a40e0b21bfd865b03d5324","basileuterus-culicivorus","audio","","ORIGINAL"
"basileuterus-culicivorus/soundscapes/W54448S25623_20191102_064000.wav",2879818,"f166a481699b193bfc17504ebc678b4402b6dd8cf15721165188038eb96bee80","basileuterus-culicivorus","audio","","ORIGINAL"
"README.md",3925,"ef0633ebb4a6e08a830118abb74770d3130393aa97708ee6909054924c6c7ff1","","doc","",""
"sm4/monitoraSom.proj",105,"98fce1a601525eaa1db340dea83aa32c587d749847ddf50785e1cca4b64a6407","sm4","audio","","EXPANDED"
"sm4/rois.duckdb",1323008,"508daaa63adbf6ce3432784907bbc56482d641a6dc550351b2f2913ab260adbc","sm4","rois","","EXPANDED"
"sm4/sm4.qmd",13694,"abc992845a9caf31461861af65597aa07125dc8fc44f36918ee037dd270e18dd","sm4","vignette","","EXPANDED"
"sm4/soundscapes/Data/W50940S22938_20240116_135000.wav",11522640,"d9a1aff2d13fba37549abf0018fa27f0587737267c770b62df3c417157393d12","sm4","audio","","EXPANDED"
"sm4/soundscapes/Data/W50940S22938_20240116_140000.wav",11522640,"eaf8bdf44db8729e00357ebc9d0bd522548331a03576fd15c3258de31093e3e3","sm4","audio","","EXPANDED"
"sm4/soundscapes/Data/W50940S22938_20240116_141000.wav",11522640,"1e8a966c0477074cd0833610a680b4caa039b47d0ddc94e7f0125102d0ff4cab","sm4","audio","","EXPANDED"
"sm4/soundscapes/Data/W50940S22938_20240116_142000.wav",11522640,"efbeae0acb9f54a74580e70c52de6f7fd775f12f137ce34c9f8e4b48dea48d9a","sm4","audio","","EXPANDED"
"sm4/soundscapes/Data/W50940S22938_20240116_143000.wav",11522640,"e075001265abe187d58f693250a44cf05f8a47e3ce4d7ec8df9b09272a220c49","sm4","audio","","EXPANDED"
"sm4/soundscapes/Data/W50940S22938_20240116_144000.wav",11522640,"ce7504c52596800e67b219411b7964f197873a2511dbf9a651d6f5ab9f5f59c6","sm4","audio","","EXPANDED"
"sm4/soundscapes/Data/W50940S22938_20240116_145000.wav",11522640,"232da19829ba4d29fe46d2b9b14149dd912612b0d50c9b1c70a2bcb31f33a06e","sm4","audio","","EXPANDED"
"sm4/soundscapes/Data/W50940S22938_20240116_150000.wav",11522640,"cbf9fecb714657ebaf027a033de85daf5fe074fd0aae0c369d1384230efe2ebe","sm4","audio","","EXPANDED"
"sm4/soundscapes/Data/W50940S22938_20240116_151000.wav",11522640,"ac455e71c2d695286c6a55a69396947a265b194b6b9f7a09e65765419a3abfd8","sm4","audio","","EXPANDED"
"sm4/soundscapes/Data/W50940S22938_20240116_152000.wav",11522640,"79a53cef4c2686b9150446c873cf182e16e82e491914644935c67fd9dac801c6","sm4","audio","","EXPANDED"
"sm4/soundscapes/Data/W50940S22938_20240116_153000.wav",11522640,"f78098aca6b9a0ca43473b6916c421e6da14e5843b4a4dca808d08d2321d343c","sm4","audio","","EXPANDED"
"sm4/soundscapes/Data/W50940S22938_20240116_154000.wav",11522640,"6fd075a831225007cdcf7737d245b95f4101f8fc084982315c92e09be6a7877d","sm4","audio","","EXPANDED"
"sm4/soundscapes/Data/W50940S22938_20240222_152000.wav",0,"e3b0c44298fc1c149afbf4c8996fb92427ae41e4649b934ca495991b7852b855","sm4","audio","zero_byte","EXPANDED"
"sm4/soundscapes/Data/W50940S22938_20240222_153000.wav",0,"e3b0c44298fc1c149afbf4c8996fb92427ae41e4649b934ca495991b7852b855","sm4","audio","zero_byte","EXPANDED"
"sm4/soundscapes/Data/W50940S22938_20240222_154000.wav",0,"e3b0c44298fc1c149afbf4c8996fb92427ae41e4649b934ca495991b7852b855","sm4","audio","zero_byte","EXPANDED"
"sm4/soundscapes/W50940S22938_A_Summary.txt",354178,"e52ff1fc95ce382a5417960e01c3f8bdba97f8c06990d9c2ca0eb3a5c99abb9d","sm4","sidecar","","EXPANDED"
"STATUS.md",23178,"8aa025fc980118431b254b5772ff2548771390d2b71fcc9453bbc87fa68d1f14","","doc","",""
